site,wildtype,AAA,AAC,AAG,AAT,ACA,ACC,ACG,ACT,AGA,AGC,AGG,AGT,ATA,ATC,ATG,ATT,CAA,CAC,CAG,CAT,CCA,CCC,CCG,CCT,CGA,CGC,CGG,CGT,CTA,CTC,CTG,CTT,GAA,GAC,GAG,GAT,GCA,GCC,GCG,GCT,GGA,GGC,GGG,GGT,GTA,GTC,GTG,GTT,TAA,TAC,TAG,TAT,TCA,TCC,TCG,TCT,TGA,TGC,TGG,TGT,TTA,TTC,TTG,TTT
1,ATG,292,405,251,384,416,624,451,289,333,312,407,340,373,360,417955,506,562,551,508,393,705,926,570,382,309,454,323,322,332,365,475,305,234,486,291,300,329,684,511,367,231,392,543,176,319,369,235,123,269,229,270,253,412,409,333,226,432,462,309,215,222,267,296,191
2,AGT,188,203,191,197,390,247,118,213,229,263,186,431506,179,196,138,112,253,408,254,145,327,271,219,77,98,286,227,166,87,156,134,102,95,132,133,76,281,178,151,152,153,198,171,230,171,44,105,97,204,211,88,73,149,119,154,74,102,156,92,119,80,97,81,63
3,CTT,103,247,86,79,177,149,102,109,103,97,63,20,73,83,56,237,103,153,102,105,259,183,225,92,62,208,99,63,100,122,78,435600,94,149,82,125,156,147,108,87,118,102,100,102,86,63,97,35,177,103,22,53,93,123,90,32,120,62,55,54,36,57,47,32
4,CTA,116,133,53,43,85,107,13,131,83,97,54,10,170,97,20,66,93,109,39,34,134,244,58,59,50,61,28,23,438508,98,47,24,83,65,82,40,88,95,11,38,44,47,68,65,58,63,26,54,28,52,15,53,15,15,0,4,34,21,35,53,59,23,12,7
5,ACC,69,177,47,53,297,437827,211,111,53,62,37,45,96,112,50,9,57,65,36,60,60,254,42,23,69,106,51,42,15,56,43,23,79,54,39,36,36,233,75,48,136,91,71,23,27,55,33,31,28,46,34,57,40,85,28,43,125,69,82,31,55,43,35,26
6,GAG,80,52,164,45,69,44,58,29,92,57,86,75,32,62,49,5,148,66,153,25,81,150,122,40,41,120,86,62,68,57,47,45,83,64,436773,281,129,66,99,43,34,44,132,90,30,146,129,18,22,46,679,30,33,58,70,47,25,30,118,22,13,63,72,43
7,GTC,125,74,104,66,168,149,36,7,50,48,27,18,62,119,39,33,88,147,46,110,136,93,69,97,66,86,78,81,93,67,74,11,112,129,82,56,57,103,102,54,52,221,76,64,292,436848,141,116,41,66,31,22,58,67,101,47,98,73,98,92,40,102,44,12
8,GAA,280,132,82,57,109,123,63,111,26,70,121,22,109,54,50,58,82,181,70,112,74,92,103,112,80,140,43,43,38,46,72,48,436939,74,48,62,119,130,68,83,163,86,111,49,70,58,52,58,220,147,44,46,61,51,59,64,97,40,86,42,37,38,50,33
9,ACG,71,120,102,21,228,67,438096,134,46,44,61,55,18,71,116,39,56,113,51,55,59,96,189,80,95,135,63,66,53,59,47,39,42,37,38,34,51,69,76,85,28,73,63,24,38,81,79,56,55,58,62,35,30,58,48,21,50,77,41,48,35,19,74,53
10,TAC,94,175,108,129,150,54,67,80,93,133,122,48,110,84,56,68,86,158,118,87,86,94,106,66,127,90,71,72,76,57,142,78,66,211,98,49,137,106,70,73,119,129,164,74,116,93,56,51,129,435851,84,232,35,75,87,59,130,156,136,50,42,91,109,37
11,GTA,94,38,113,124,156,127,63,77,57,78,114,107,235,145,81,108,112,64,70,81,153,158,107,39,97,87,88,37,123,78,71,56,124,37,65,40,220,55,126,36,178,114,116,117,435885,57,140,119,76,111,107,51,187,36,64,47,97,141,85,77,166,78,80,54
12,CTC,76,55,49,66,69,133,23,67,87,66,53,62,153,147,42,40,102,124,255,107,172,180,85,140,126,88,124,87,380,436116,101,80,174,81,79,70,53,156,63,76,73,135,94,56,50,89,79,13,67,72,131,53,80,71,150,70,74,102,115,33,50,110,52,40
13,TCT,90,145,146,97,56,156,80,186,90,111,93,39,96,39,75,109,113,131,120,76,193,247,101,233,109,157,147,66,69,86,69,56,172,82,132,115,86,121,180,64,106,108,346,137,67,125,104,96,142,123,70,478,126,384,130,434036,121,82,116,88,151,69,130,154
14,ATC,47,34,67,122,101,290,98,69,80,62,103,115,277,435375,53,94,113,103,44,95,110,321,136,90,132,141,99,63,101,114,95,123,43,64,83,79,144,250,96,94,114,110,129,99,62,96,87,163,58,196,25,52,70,96,69,85,168,170,116,124,108,66,27,87
15,ATC,87,84,28,76,52,125,31,43,82,73,17,36,222,437293,49,160,73,133,41,65,91,89,117,99,66,101,10,60,90,130,29,109,91,50,52,37,42,234,32,130,17,40,14,71,39,87,65,106,46,167,41,73,58,120,31,81,68,53,27,175,50,102,61,91
16,CCG,62,49,42,81,67,81,402,33,9,13,50,172,17,62,113,16,62,75,835,34,352,165,435815,535,34,103,75,61,113,66,176,71,33,46,72,49,39,117,52,28,54,68,155,44,53,25,97,22,36,75,52,67,55,43,161,43,29,70,93,23,7,57,69,53
17,TCA,86,112,60,161,173,125,90,130,133,68,126,80,33,134,100,127,128,144,114,136,239,320,149,154,84,155,131,84,46,124,131,84,179,149,57,71,65,71,80,60,103,107,215,95,84,94,116,99,420,234,96,159,433193,284,662,177,147,98,99,92,170,52,124,149
18,GGC,69,72,46,57,70,133,128,113,63,118,148,117,52,147,56,32,115,92,64,100,154,161,139,156,67,181,80,64,64,168,145,87,47,237,76,78,34,607,145,69,541,433444,264,433,90,439,142,45,110,144,179,109,81,129,47,64,65,365,76,105,73,181,65,70
19,CCC,245,183,122,165,248,594,162,128,91,216,55,100,286,114,200,153,312,607,167,191,552,431551,135,289,134,228,79,108,162,355,131,127,29,50,18,6,164,207,160,53,93,61,73,38,178,42,135,39,210,166,154,103,133,292,109,146,123,171,117,88,192,128,98,100
20,CTC,127,115,75,127,165,126,182,232,94,134,29,161,221,647,140,249,136,174,117,138,126,440,182,169,115,319,200,189,680,431219,150,115,78,85,134,136,186,76,61,115,84,126,99,136,216,205,194,190,138,134,145,123,145,213,134,127,89,108,96,141,136,339,158,140
21,AAA,435629,140,100,198,184,100,47,82,195,110,40,39,130,76,113,131,152,268,85,92,135,89,64,30,147,90,46,27,90,177,180,62,282,87,69,48,139,97,102,47,94,102,71,55,86,58,51,55,90,194,53,91,116,149,92,22,36,13,19,1,186,195,101,74
22,GCC,24,95,97,40,51,81,73,25,32,96,154,116,38,15,101,47,20,61,38,63,38,145,113,76,47,68,167,103,24,91,14,52,87,246,134,85,252,435965,186,188,76,212,208,139,42,183,212,99,165,52,95,94,56,384,142,62,110,41,77,55,23,33,28,48
23,GAG,104,61,98,37,138,130,61,62,83,124,120,67,78,70,48,100,133,102,186,55,132,61,87,77,92,116,182,98,84,132,16,116,181,72,434996,189,93,76,178,90,148,84,336,215,133,129,135,120,70,52,481,106,91,111,105,42,34,22,42,4,110,109,75,130
24,ATC,15,78,33,57,26,104,17,33,36,70,10,45,199,439059,37,179,49,82,5,25,77,60,29,41,40,54,2,14,49,98,32,132,51,36,0,76,64,40,3,25,63,36,0,49,85,89,4,87,67,50,42,39,84,52,16,33,31,42,0,54,79,33,25,50
25,GCA,85,73,89,30,587,40,27,70,77,37,45,38,13,41,9,26,99,93,34,42,63,79,72,64,60,54,40,20,39,62,93,19,178,46,44,26,438001,46,50,3,26,41,121,33,95,21,46,14,74,42,78,37,241,55,17,22,20,109,64,27,52,6,50,6
26,CAG,107,69,104,140,55,111,55,153,119,54,43,57,47,58,38,65,113,111,437599,369,63,143,124,72,32,52,157,69,73,76,96,59,96,88,55,25,42,41,38,32,29,64,101,26,71,42,80,6,56,34,121,69,18,131,13,11,22,53,71,42,47,19,0,21
27,AGA,231,146,25,15,53,150,12,39,436543,67,39,51,281,68,36,50,70,118,53,80,76,189,113,142,59,29,1,88,145,121,66,42,56,90,27,50,50,102,60,57,156,115,85,87,87,109,110,88,85,117,43,57,103,111,91,26,161,90,48,57,144,133,47,31
28,CTT,102,38,88,72,78,109,24,63,72,7,32,29,47,28,37,129,50,38,13,62,42,61,53,159,11,53,25,22,79,142,28,438818,60,16,34,29,42,73,32,58,60,46,33,158,71,19,28,111,100,20,35,31,20,22,3,39,24,8,15,23,63,12,19,47
29,GAA,59,61,14,58,48,62,42,49,21,46,8,7,25,32,19,71,79,32,3,15,98,93,29,49,9,13,33,31,51,26,16,35,439336,40,68,41,33,22,11,17,75,11,59,40,77,28,29,17,257,40,12,30,29,33,17,23,25,8,21,24,25,82,1,54
30,GAT,17,26,42,59,35,29,28,24,9,10,42,32,58,27,18,37,14,25,35,17,71,66,15,43,4,37,30,10,22,28,41,28,34,30,53,439656,15,55,18,67,28,26,56,104,102,52,21,23,19,66,25,140,69,87,37,43,12,10,52,8,21,50,68,35
31,GTC,114,59,73,32,90,77,37,60,23,29,12,47,87,111,1,38,33,44,64,20,90,51,31,68,53,11,15,13,93,10,66,26,59,59,32,3,37,61,24,47,38,37,40,7,226,439177,14,50,70,91,29,12,65,46,18,56,16,65,14,25,39,106,2,16
32,TTT,124,81,54,65,131,101,57,36,34,111,49,60,57,70,48,41,140,203,23,124,165,152,99,96,39,113,66,36,222,129,85,83,53,59,35,21,40,113,114,42,28,55,79,18,27,59,46,41,58,68,46,58,96,52,31,11,27,80,102,97,58,80,55,437362
33,GCA,100,55,18,9,211,100,56,75,31,30,18,34,45,37,29,52,22,92,18,46,59,193,110,27,60,25,39,37,40,83,27,46,175,35,35,78,437145,226,594,42,11,84,45,53,376,20,29,26,23,74,10,50,236,78,32,38,13,57,25,40,10,22,15,19
34,GGG,31,4,29,52,30,63,24,28,15,1,26,13,10,1,18,59,25,52,58,46,35,50,78,35,30,22,63,39,36,11,4,18,25,6,82,49,19,9,12,25,59,25,439031,252,24,0,406,11,5,28,8,18,38,13,40,76,9,17,584,31,19,0,13,44
35,AAG,137,102,437665,230,21,86,48,34,41,77,34,3,48,70,72,125,23,124,30,86,77,241,73,103,35,48,14,82,49,91,41,43,26,17,65,20,53,113,58,30,37,44,44,21,67,36,21,24,60,16,33,24,148,76,110,42,77,34,25,73,19,47,58,31
36,AAC,97,438953,38,195,18,114,65,20,17,31,16,56,45,15,37,51,53,153,57,59,96,239,68,75,13,51,71,25,58,40,6,39,37,91,35,22,25,41,15,50,23,23,45,15,15,30,9,23,37,59,51,65,76,60,17,25,17,34,33,15,37,14,38,8
37,ACC,36,74,23,24,309,438776,57,210,10,34,43,14,36,141,68,43,57,110,122,26,92,186,53,50,21,18,34,15,91,33,30,64,17,21,37,14,37,114,21,73,13,33,11,25,46,76,68,33,40,45,19,37,73,119,14,12,7,32,44,16,38,53,59,39
38,GAT,22,39,12,138,68,129,24,52,39,28,74,17,57,45,27,34,37,53,111,89,125,136,67,131,31,62,32,28,51,18,5,49,31,35,48,438568,45,101,27,58,25,88,95,54,18,9,103,88,34,80,38,217,52,14,27,70,28,11,43,76,104,53,142,36
39,CTT,36,61,51,52,58,80,46,85,5,64,41,39,79,67,84,248,59,115,42,45,110,99,41,73,135,102,85,20,105,169,73,438268,8,12,8,66,58,64,49,81,66,32,63,64,46,65,25,46,64,52,69,25,66,69,27,23,13,34,49,50,48,105,26,111
40,GAG,87,88,126,45,65,105,49,162,37,55,11,17,103,65,54,22,53,109,42,67,12,31,14,8,38,54,86,28,39,106,25,83,120,44,437728,272,56,80,43,55,43,24,286,3,36,24,28,73,38,50,454,40,94,137,51,27,66,30,107,3,63,75,45,47
41,GTT,58,92,14,33,79,59,28,38,54,63,38,21,29,67,43,85,42,99,50,52,19,240,41,71,53,39,32,16,56,137,19,87,72,51,20,20,37,47,44,59,16,24,89,50,59,64,40,438776,130,31,32,88,116,112,14,68,26,22,36,29,63,85,28,73
42,CTC,86,68,42,34,53,237,31,100,72,52,113,36,91,228,59,17,32,148,113,55,183,365,93,87,81,108,116,73,455,436956,52,75,43,134,30,27,85,58,72,17,87,95,48,20,19,64,69,18,87,162,20,28,97,58,31,68,43,62,44,53,56,90,19,42
43,ATG,63,91,24,11,77,69,134,68,12,53,36,17,78,35,439183,355,72,26,16,51,43,122,85,13,37,78,40,26,85,28,25,50,19,41,95,25,19,60,35,16,15,12,74,29,33,44,91,4,57,52,25,24,12,31,32,32,34,30,5,35,44,5,31,40
44,GAA,80,66,53,45,106,92,31,20,13,21,44,19,7,8,6,23,98,74,45,78,92,209,46,107,46,50,21,23,51,119,25,36,439269,30,39,15,52,58,30,14,72,32,31,16,46,0,26,20,248,44,26,49,67,73,3,7,39,22,25,35,22,62,10,29
45,TGG,39,0,14,52,72,70,84,33,44,25,44,9,56,15,18,14,86,30,51,50,61,116,40,6,7,76,29,31,14,44,8,18,19,40,5,6,41,103,18,5,26,37,33,12,5,47,22,40,19,21,45,12,89,82,59,32,240,31,439370,145,4,5,328,33
46,CTA,29,88,86,11,85,66,62,87,22,44,23,68,474,49,59,17,84,119,39,70,116,219,89,111,76,25,82,70,438871,116,10,59,18,18,14,21,13,18,39,4,55,23,42,5,79,32,26,36,17,85,20,4,10,13,2,3,27,24,16,22,83,48,3,20
47,AAG,72,136,438400,248,91,160,61,98,93,54,32,58,67,47,12,38,69,70,100,72,91,124,52,154,62,70,62,121,102,70,24,12,32,95,25,40,77,33,49,55,31,28,28,15,42,20,28,18,91,38,47,66,16,27,35,19,40,53,67,26,32,27,45,58
48,ACA,221,103,37,94,437765,159,187,188,43,112,37,60,87,118,30,48,127,201,70,67,150,153,60,156,54,137,38,75,37,86,73,64,38,55,30,22,114,51,84,47,30,63,39,16,38,35,6,20,63,41,30,45,123,62,52,43,56,51,36,4,22,29,41,13
49,AGA,36,8,5,15,56,52,7,15,439665,133,58,13,244,57,6,2,121,5,3,36,19,120,8,68,59,79,53,42,29,8,20,22,57,5,35,5,77,55,38,25,131,54,117,42,71,33,48,30,7,1,0,10,45,21,0,11,77,95,14,41,19,12,5,33
50,CCA,30,78,4,39,120,134,62,15,83,33,30,7,25,68,72,40,239,96,45,81,438470,240,123,74,90,116,88,70,100,66,35,88,52,34,8,11,61,86,39,45,65,45,63,40,22,8,39,59,60,67,26,37,104,28,44,17,44,10,54,97,32,25,18,20
51,ATC,56,62,31,37,45,186,42,83,49,60,58,28,265,438638,125,64,63,78,36,44,98,104,64,46,26,36,22,55,34,73,26,31,25,21,61,74,25,103,38,71,14,43,111,31,49,11,57,55,38,73,27,36,37,60,69,25,71,46,60,19,49,54,84,61
52,CTG,153,26,67,35,40,101,53,83,25,80,45,36,30,50,480,60,73,42,67,48,114,49,326,54,90,33,52,52,275,174,437732,143,34,35,46,27,43,89,18,15,64,32,53,63,25,27,57,32,53,142,51,58,38,33,18,34,76,27,66,34,57,44,56,35
53,TCA,84,69,56,108,107,101,68,63,17,50,26,30,74,101,81,58,95,66,34,22,146,86,102,70,82,33,8,48,32,136,54,18,78,65,83,16,90,48,86,44,16,68,42,18,83,34,76,28,2031,111,50,11,436263,22,49,4,73,27,92,46,74,32,65,24
54,CCT,87,53,12,72,76,51,25,76,19,20,28,41,11,43,37,27,81,75,57,342,156,346,84,438436,34,73,56,43,37,68,7,129,19,102,26,36,70,58,70,46,13,56,41,37,15,76,51,51,10,21,95,50,62,121,44,94,1,11,19,43,70,23,21,26
55,CTG,3,68,46,52,124,88,40,48,42,66,69,63,109,26,466,22,65,88,88,95,126,179,254,102,54,54,135,43,48,65,437607,226,29,27,84,35,70,90,79,49,68,83,77,30,66,25,52,11,84,28,44,88,41,61,44,38,18,19,56,22,28,23,88,57
56,ACT,48,28,108,176,61,130,35,439092,25,35,10,35,47,43,44,37,33,47,49,26,49,25,48,40,40,9,30,40,38,93,56,52,54,45,28,50,117,56,83,37,16,25,35,16,15,16,65,7,24,16,33,55,36,43,26,18,26,77,62,19,55,36,40,37
57,AAG,36,58,439163,293,14,35,87,24,16,62,81,87,31,29,61,11,52,27,77,35,61,124,76,84,50,24,21,4,48,50,45,45,1,28,36,47,33,47,30,33,0,8,17,27,13,17,20,13,63,44,54,46,46,35,30,43,12,56,14,25,17,46,38,58
58,GGG,28,70,14,4,37,35,15,9,8,68,63,12,27,17,24,25,95,17,30,85,60,76,22,15,64,14,59,39,50,21,42,43,7,31,55,7,43,18,53,30,74,50,439200,197,30,3,268,21,11,24,24,10,98,13,46,39,41,9,293,23,55,34,43,27
59,ATT,33,96,63,27,9,56,44,49,71,14,23,62,37,22,56,439375,46,73,40,36,77,100,87,33,29,22,41,29,45,49,32,59,5,27,26,32,26,21,18,38,8,72,65,37,49,32,33,57,59,65,36,89,35,31,53,36,7,5,4,22,47,36,44,39
60,TTA,57,90,31,96,106,76,76,74,16,66,76,43,45,37,29,22,64,139,80,137,101,103,99,46,101,107,24,34,77,31,55,14,40,32,34,48,63,72,32,82,35,73,25,29,6,80,32,38,29,44,22,22,71,38,16,29,51,96,25,39,438349,42,139,12
61,GGA,58,24,43,29,41,73,28,46,55,56,17,60,26,34,3,30,48,152,28,56,95,57,66,42,19,72,68,37,39,84,76,19,60,46,27,15,24,51,13,10,439046,109,123,31,124,35,45,13,23,48,28,5,36,54,15,4,193,48,32,19,30,13,36,19
62,TTT,100,38,41,34,42,95,18,47,35,19,36,6,58,79,61,17,19,51,41,73,83,173,36,58,17,119,39,16,73,55,26,54,46,22,47,10,51,45,36,37,63,49,148,18,46,32,90,51,71,37,17,68,32,113,35,39,34,14,16,66,96,149,48,438290
63,GTG,26,94,136,39,78,99,94,161,31,59,86,48,23,41,71,39,54,124,84,54,69,237,126,71,79,69,36,51,47,102,80,35,57,105,104,67,57,144,135,115,51,82,371,137,125,47,435858,132,54,63,56,31,46,113,70,93,27,105,117,50,31,35,84,23
64,TTC,35,47,31,96,33,145,69,76,17,48,10,12,44,27,45,26,106,111,37,71,166,164,76,48,97,83,47,30,56,72,22,21,30,46,9,7,59,73,27,30,47,0,7,4,34,27,31,5,57,48,1,13,41,229,30,65,65,14,101,19,300,438266,84,204
65,ACG,48,19,120,10,409,48,438019,199,61,32,55,27,6,31,424,30,42,56,13,43,71,222,111,57,40,53,27,30,37,39,32,63,4,36,23,21,69,80,94,34,22,56,43,17,22,12,53,8,11,73,35,30,26,51,30,9,6,28,45,38,17,20,7,60
66,CTC,17,75,17,32,76,147,10,48,47,100,33,60,41,409,39,17,39,122,161,133,152,334,208,95,80,131,48,52,544,435675,72,137,56,72,34,24,28,116,97,67,35,38,40,11,29,70,36,44,31,38,28,97,76,190,36,83,39,40,27,48,112,114,107,169
67,ACC,42,124,20,15,287,438538,77,195,26,32,0,13,3,170,11,11,33,92,21,23,84,118,66,29,33,21,38,17,101,24,22,56,26,29,12,61,9,95,18,23,24,28,0,36,38,20,9,8,55,47,31,41,34,103,17,14,71,7,14,12,32,71,61,93
68,GTG,49,22,16,8,13,13,27,4,2,6,1,4,16,4,324,24,2,24,20,0,20,26,13,33,9,15,6,5,4,31,24,9,0,10,1,2,4,5,29,0,13,4,22,0,288,8,439972,300,83,18,14,13,10,29,8,10,5,20,12,9,13,7,81,74
69,CCC,17,0,29,10,5,189,21,1,0,2,1,0,13,5,8,35,9,320,0,7,444,440272,23,68,1,10,25,7,12,39,8,10,8,0,3,2,6,16,12,9,0,7,12,45,25,13,7,3,24,0,0,0,2,244,2,19,0,0,30,0,2,0,24,3
70,AGT,63,57,32,48,62,39,32,32,52,11,34,439663,35,17,32,33,27,15,47,53,69,31,45,24,62,1,15,3,50,34,56,41,13,19,52,1,39,15,11,0,9,12,13,84,14,58,2,16,45,29,59,27,35,25,42,34,24,24,48,21,70,13,70,22
71,GAG,23,44,34,19,32,105,50,44,55,23,16,19,49,23,50,47,117,49,37,74,20,74,59,108,14,52,20,45,29,91,63,121,44,22,437758,285,9,76,11,40,16,97,23,61,43,114,3,82,35,91,471,69,27,89,19,56,96,54,36,40,110,56,45,47
72,CGA,48,68,25,21,68,91,40,40,297,26,36,51,46,65,14,84,232,52,14,50,161,202,114,29,437921,8,130,38,380,13,14,14,25,44,17,23,22,47,43,25,86,42,25,27,28,43,19,25,46,19,9,44,32,58,43,20,443,22,21,8,8,39,21,19
73,GGA,53,64,65,90,62,76,105,128,219,47,22,66,77,42,32,52,73,99,56,116,70,83,55,43,105,116,35,48,51,113,29,60,63,63,53,72,87,101,72,17,436678,31,127,97,248,51,46,47,88,65,21,34,62,118,103,128,356,64,87,72,60,133,93,115
74,CTG,97,74,27,87,19,113,121,52,26,49,90,57,80,62,126,56,73,92,126,110,58,236,280,112,95,118,142,39,322,188,436678,225,6,52,17,6,27,66,77,94,23,57,103,72,51,62,48,10,58,71,21,48,55,55,47,57,67,66,171,25,48,45,159,61
75,CAG,37,58,142,25,67,48,31,77,8,19,84,14,53,26,20,70,84,50,438021,310,78,198,63,113,80,92,114,9,112,112,63,33,13,19,17,10,31,43,50,38,9,21,111,41,18,28,28,36,28,52,414,38,67,78,62,46,47,16,63,23,31,37,10,28
76,CGT,22,14,1,37,42,86,51,75,30,7,34,168,39,31,9,11,36,172,11,172,147,292,35,106,54,66,67,438881,44,32,27,136,18,4,33,38,22,90,8,29,40,60,64,60,14,6,17,28,10,17,16,30,27,34,10,51,51,29,15,105,24,133,21,31
77,AGA,47,23,19,21,66,63,18,6,439700,31,69,59,131,59,24,36,19,73,94,0,0,5,6,0,102,47,51,4,11,29,26,0,10,37,62,10,37,57,32,0,105,59,62,25,36,20,97,33,22,20,23,8,34,22,24,4,55,67,42,30,12,26,21,25
78,CGC,48,32,25,44,18,39,32,44,70,105,78,44,39,93,38,46,62,309,50,49,176,244,113,89,195,436849,72,67,83,274,74,87,73,64,31,43,16,46,111,56,63,62,203,36,64,76,125,5,42,47,36,52,20,57,258,80,51,221,112,55,32,51,46,63
79,TTT,33,30,47,22,0,40,63,19,53,34,86,12,29,42,150,22,56,62,28,17,2,83,57,97,63,26,104,17,31,43,28,129,11,19,82,51,5,30,74,36,47,75,123,66,12,62,96,117,68,35,62,17,20,22,82,108,31,36,73,5,41,67,49,438858
80,GTC,31,25,19,4,33,55,8,17,15,20,48,14,20,94,24,34,85,34,12,24,25,150,28,62,11,35,8,18,23,35,40,37,46,67,17,28,87,146,19,0,12,6,60,20,273,439364,87,61,17,47,57,7,48,30,9,24,56,22,27,36,19,128,13,47
81,CAA,341,34,20,12,41,46,30,32,40,19,69,20,27,15,23,111,438525,87,83,58,256,171,63,49,97,35,24,85,48,48,113,58,59,94,13,16,52,26,36,59,36,29,35,35,74,18,28,29,28,27,40,7,39,109,37,54,78,48,32,28,31,61,18,51
82,AAT,14,14,21,440464,44,79,35,67,28,12,46,7,7,8,4,10,6,36,10,43,60,115,70,84,46,17,19,4,18,37,17,30,9,2,6,16,9,37,4,1,13,1,2,18,31,8,38,32,22,20,15,18,51,20,31,44,4,17,6,34,52,30,16,37
83,GCC,27,58,12,39,28,136,12,57,16,7,16,6,18,23,34,19,30,38,41,15,52,156,22,74,27,34,31,5,52,93,67,46,35,265,9,26,208,438779,75,106,38,32,40,33,44,165,78,81,16,31,1,19,57,305,17,51,22,69,1,39,55,43,15,34
84,CTT,82,66,22,3,55,40,22,124,30,50,13,57,72,16,26,391,64,120,41,64,41,67,119,116,75,64,95,63,150,97,184,438106,29,14,28,29,45,32,46,64,26,68,21,11,20,20,39,39,63,92,134,18,52,97,66,52,77,63,41,39,14,36,27,78
85,AAT,36,38,40,200936,14,43,16,25,44,55,42,43,26,26,27,29,35,21,33,25,33,15,27,7,29,43,9,35,50,13,13,14,43,10,38,60,8,29,6,7,41,28,44,43,10,24,32,47,27,51,25,30,16,17,12,19,14,19,13,34,39,38,4,5
86,GGG,32,29,41,9,4,30,42,16,29,32,42,19,26,12,28,20,28,16,14,33,26,7,26,7,26,39,18,25,31,24,44,17,15,41,90,12,35,32,63,18,45,56,200307,190,14,36,179,22,27,23,63,18,47,17,24,25,42,27,273,28,22,18,18,32
87,AAC,78,201330,18,116,19,38,41,20,24,19,4,31,42,19,29,13,10,18,12,5,26,46,10,5,6,20,7,9,11,24,3,9,26,27,8,12,8,9,28,14,3,15,4,21,10,14,16,10,10,17,22,21,36,60,11,32,39,4,45,3,23,10,16,13
88,GGG,22,23,26,27,45,37,68,39,18,39,65,28,48,21,28,8,25,57,28,43,57,62,52,39,20,26,51,44,27,27,31,20,7,23,33,23,40,40,82,33,84,96,199530,319,8,4,374,24,45,16,40,10,57,46,21,41,27,18,331,10,44,7,15,28
89,GAT,8,20,8,45,15,24,12,18,21,6,27,15,24,19,4,25,20,15,9,12,33,21,18,13,18,19,19,10,34,18,8,3,33,15,29,201319,13,8,7,35,22,11,38,51,9,27,59,12,24,23,22,133,12,43,13,22,8,14,25,21,1,3,14,16
90,CCA,42,5,3,5,120,20,5,15,12,0,3,20,5,6,17,2,164,6,11,11,201677,0,21,7,5,8,7,13,16,9,6,18,5,4,2,10,15,2,21,13,13,14,57,13,15,3,9,11,11,6,38,31,17,15,3,13,17,4,4,12,6,7,12,3
91,AAT,10,22,9,201495,34,12,4,22,25,15,30,23,24,21,23,11,8,25,10,29,3,21,18,4,11,17,25,45,15,31,19,10,16,16,25,27,22,39,11,14,14,30,55,28,20,7,35,12,25,2,19,20,23,17,7,35,15,12,8,14,16,4,24,25
92,AAC,34,201418,25,104,32,17,24,15,2,12,6,38,23,18,2,7,17,50,1,41,13,14,10,11,22,5,27,15,12,21,2,13,27,33,15,10,10,14,30,14,26,19,44,29,35,27,6,39,9,14,7,19,11,6,5,16,14,24,20,11,21,18,20,5
93,ATG,40,28,26,38,29,16,33,31,39,15,23,41,89,40,200124,226,37,8,58,49,40,8,26,43,22,32,43,29,42,26,27,33,21,18,67,21,16,29,60,36,26,4,131,27,23,20,90,25,47,64,26,43,26,24,37,22,55,29,74,27,43,30,32,53
94,GAC,22,39,6,27,26,39,8,5,20,17,39,22,27,25,9,11,47,45,14,79,31,15,12,41,21,45,5,15,22,28,34,22,73,201028,34,38,9,27,33,16,13,56,15,14,8,34,13,10,17,134,12,14,35,33,17,30,15,11,25,13,12,28,9,14
95,AAA,201719,9,57,12,13,9,3,7,5,9,19,16,1,21,7,10,17,19,6,2,44,21,14,17,15,11,35,31,18,29,39,11,7,3,4,21,16,2,44,1,5,4,11,6,7,13,16,11,16,3,4,1,25,31,4,25,3,44,16,16,16,14,11,7
96,GCA,13,9,4,6,30,5,0,8,5,6,8,3,21,7,4,21,4,12,2,0,7,17,1,25,5,4,7,6,16,14,3,2,84,15,1,7,201659,39,14,11,11,6,48,10,225,3,3,9,7,2,2,8,86,1,15,3,4,2,19,12,5,4,0,17
97,GTT,2,6,5,22,10,13,28,22,3,3,3,3,11,16,1,55,14,22,3,12,22,53,24,17,30,30,15,5,20,23,8,12,4,8,19,0,28,25,23,12,15,15,35,8,10,36,15,201705,5,1,2,4,8,39,6,16,10,4,0,8,5,4,4,47
98,AAA,201715,37,14,30,24,57,15,15,2,18,26,14,10,18,18,5,50,22,31,14,25,54,15,34,2,23,3,27,4,5,8,15,18,5,0,16,16,5,13,1,15,6,33,18,4,6,7,3,9,17,1,17,7,2,14,10,12,15,19,7,19,4,2,10
99,CTG,9,2,16,22,15,35,6,18,13,32,5,24,7,11,22,2,6,48,36,21,26,49,19,31,0,8,44,5,64,16,201468,48,11,2,9,8,6,11,27,0,30,6,50,28,6,4,20,9,7,21,8,3,19,11,20,7,16,11,19,2,28,5,39,7
100,TAT,13,9,27,9,14,10,8,17,5,4,18,23,1,6,21,2,26,12,20,23,51,69,51,15,8,31,11,10,18,17,11,7,31,18,11,12,13,18,26,3,20,21,26,25,4,29,12,12,23,37,18,201423,21,79,16,25,3,9,14,37,19,6,8,9
101,AGG,19,12,34,19,32,24,20,42,37,9,201165,33,11,24,103,14,20,23,9,29,22,54,23,27,10,43,19,15,27,12,13,13,11,20,12,14,10,36,19,3,9,27,197,18,10,14,24,17,15,14,31,13,14,25,3,13,16,13,21,13,11,35,13,2
102,AAG,38,18,201639,126,6,30,17,25,20,1,49,5,6,1,7,1,12,23,5,20,21,39,10,3,6,6,19,8,5,5,1,20,10,6,36,27,2,11,16,8,3,16,49,8,8,23,41,8,36,14,32,7,8,15,9,4,17,1,21,3,4,14,29,3
103,CTC,3,11,4,1,3,7,5,30,6,9,5,5,5,96,19,13,18,32,20,9,52,81,28,32,18,17,4,8,159,201692,3,13,5,4,14,5,9,5,6,14,1,19,13,10,2,16,24,3,4,11,3,0,1,9,1,15,2,3,11,0,2,8,3,0
104,AAG,11,16,201248,156,6,37,68,21,15,8,91,17,2,5,24,7,13,70,7,16,12,96,50,13,8,19,20,10,6,19,4,10,1,8,98,19,12,31,9,14,16,22,33,4,12,26,9,4,4,2,19,12,7,33,7,16,12,26,3,28,20,15,18,10
105,AGG,6,13,32,4,14,25,4,12,35,5,201057,207,7,6,442,22,11,36,5,12,20,23,14,30,1,16,14,6,18,26,21,9,6,6,11,16,12,22,23,24,5,13,73,16,5,0,6,8,25,29,3,16,16,15,18,27,3,8,10,3,11,8,10,22
106,GAG,23,27,44,13,28,66,29,54,20,18,41,28,25,14,26,23,47,64,34,40,68,94,66,67,42,46,35,37,26,61,45,41,53,22,199375,145,51,101,68,37,17,38,159,19,24,49,32,32,34,28,257,11,33,68,58,54,37,24,18,11,77,40,31,34
107,ATA,37,42,32,36,78,73,9,25,32,45,85,35,199687,64,40,45,59,67,45,24,66,188,39,72,43,43,37,33,62,50,18,32,63,91,22,37,48,26,35,35,91,13,98,23,25,27,38,32,67,23,29,24,50,53,11,73,30,49,40,16,30,65,8,29
108,ACA,59,25,15,18,200114,109,44,33,28,65,17,11,45,64,51,14,61,53,92,41,55,148,87,81,32,65,45,27,34,13,10,54,32,13,24,20,55,57,50,31,65,42,97,24,35,36,27,16,37,44,15,21,46,34,22,11,13,39,31,14,15,36,16,17
109,TTC,14,38,44,30,14,46,22,23,25,20,9,26,8,49,21,12,14,48,20,24,58,183,16,26,16,48,20,25,33,63,29,12,6,20,19,5,6,29,7,34,1,38,28,15,24,37,32,36,34,38,6,15,30,63,6,8,13,15,18,26,145,200779,30,52
110,CAT,34,34,14,274,13,52,72,39,21,12,25,12,21,18,6,11,20,73,56,200208,63,163,90,44,32,51,74,99,12,29,48,25,14,12,33,22,32,42,35,36,32,32,83,12,16,43,55,14,14,3,17,24,24,35,32,18,23,14,25,29,37,26,7,2
111,GGG,11,29,24,6,29,27,13,22,18,11,57,7,5,16,11,18,13,15,16,49,33,68,45,9,29,62,17,26,16,9,27,22,15,40,80,13,30,38,27,2,73,43,200283,183,13,6,279,10,16,26,18,11,19,16,12,31,22,22,242,5,15,13,16,14
112,GCC,1,4,5,0,44,165,0,12,3,1,4,1,24,12,10,7,8,32,12,10,69,74,11,41,16,14,2,10,23,15,2,19,18,237,9,1,96,200945,14,28,8,29,27,6,17,36,10,9,10,20,2,7,10,232,11,23,1,8,3,4,3,3,22,8
113,AAA,201034,28,55,12,32,56,27,21,30,15,38,9,16,10,10,13,27,35,31,7,68,149,47,44,20,34,32,27,38,34,11,13,23,20,5,22,13,35,23,9,45,23,33,28,12,12,19,29,21,27,14,16,5,47,14,5,13,27,15,13,48,9,27,26
114,GAA,29,28,14,5,11,58,11,8,4,9,18,17,25,11,17,9,20,86,17,23,16,130,20,50,33,62,16,22,22,58,14,34,201046,15,27,11,14,34,39,31,33,18,33,6,28,3,34,16,45,10,14,38,25,31,6,31,23,46,33,15,13,27,15,8
115,ATC,24,44,15,38,55,67,18,36,24,17,20,2,99,200647,48,59,54,37,22,17,18,80,47,36,28,20,12,17,18,110,20,12,19,26,8,46,8,57,54,24,26,26,33,33,12,39,13,25,12,31,25,11,39,62,42,22,11,30,15,18,44,39,23,18
116,TCA,84,49,30,53,48,73,80,41,41,28,49,32,64,60,18,11,53,57,50,36,171,272,71,85,32,99,47,35,54,75,11,35,59,53,35,24,98,60,70,89,48,13,45,70,14,73,74,40,290,43,62,66,198844,93,56,53,38,34,38,25,65,50,47,21
117,CTC,28,33,21,40,59,82,30,23,24,74,39,19,33,81,19,52,81,94,74,38,67,227,92,78,45,139,65,72,306,198984,87,80,23,51,25,53,50,56,50,36,53,62,36,33,20,76,44,9,44,68,31,36,39,58,38,38,33,49,49,37,48,100,33,78
118,AGT,10,7,6,13,15,27,23,26,6,24,10,201510,16,12,8,57,9,12,16,4,45,45,16,20,7,24,10,11,7,41,23,14,10,12,3,5,15,9,17,33,8,6,57,44,23,10,28,18,14,21,15,5,32,37,3,4,26,8,21,39,5,16,8,24
119,TAT,7,27,9,27,25,51,53,38,16,5,7,20,11,18,2,13,39,41,15,63,55,113,11,48,9,15,20,28,41,52,20,31,5,12,15,4,16,43,4,4,8,30,10,10,28,26,19,15,22,37,19,201058,34,73,20,32,6,16,19,12,21,17,18,20
120,TCT,19,26,30,10,34,32,34,28,9,22,8,24,16,28,15,18,53,33,35,22,25,125,58,39,13,51,30,3,11,34,10,11,10,41,11,23,38,59,38,39,7,33,19,16,18,16,16,12,13,39,13,89,12,66,20,200972,1,6,17,17,27,14,39,13
121,GCT,45,27,6,24,26,35,14,112,9,14,10,36,24,28,57,13,7,15,16,8,46,83,75,38,15,36,10,16,35,15,27,23,36,34,13,126,12,49,47,200461,31,18,48,23,16,6,29,77,6,19,9,35,33,40,11,134,18,12,44,27,28,10,41,25
122,GGT,6,7,35,10,7,16,13,17,5,16,29,35,41,19,24,21,16,18,17,29,37,49,33,19,15,14,25,24,19,22,2,35,11,31,31,79,28,52,8,23,26,50,106,200674,31,29,27,48,12,10,12,14,3,35,20,12,5,15,43,138,8,14,8,8
123,GCA,12,13,30,7,141,35,29,4,19,25,5,9,18,17,26,28,17,57,37,14,50,69,26,30,13,61,11,10,32,34,6,11,109,25,13,33,200305,92,41,46,20,19,3,3,163,22,17,9,27,31,51,5,120,70,20,26,9,7,10,26,7,27,12,1
124,CTT,40,32,37,76,34,46,20,34,42,39,18,83,59,26,35,104,46,79,21,56,93,239,75,88,23,51,59,36,91,130,93,199400,59,67,10,24,34,34,53,34,44,34,24,58,56,26,32,45,48,28,9,36,29,48,10,59,27,50,28,66,47,26,84,94
125,GCC,40,21,13,32,15,186,14,15,18,56,20,32,24,27,26,30,30,60,20,33,70,195,41,77,28,58,22,46,39,55,24,17,40,150,24,18,122,199397,85,70,42,45,130,38,71,109,76,46,36,36,27,25,27,265,19,17,46,30,30,62,31,39,25,94
126,AGT,31,42,42,45,16,7,28,46,36,51,76,200105,49,22,41,80,21,23,32,23,29,23,21,56,10,45,88,49,19,36,53,50,76,44,64,24,17,39,35,44,38,33,61,90,43,37,42,43,22,28,28,44,47,30,47,54,19,29,64,89,51,34,37,44
127,TGT,15,32,42,23,10,69,18,27,61,23,37,34,63,12,9,20,37,72,29,26,28,61,38,32,39,65,43,53,32,62,36,27,25,28,24,20,19,25,27,21,44,20,70,66,18,17,18,54,14,19,30,36,32,21,27,73,45,33,22,200523,52,25,44,51
128,ATG,9,13,7,13,26,34,56,27,22,3,22,9,48,7,200851,207,24,55,21,19,34,116,92,6,21,19,63,29,27,42,20,37,7,10,22,25,6,43,30,9,8,17,26,23,9,23,75,12,23,27,11,3,37,47,29,38,13,24,15,8,19,17,34,28
129,GGC,0,3,0,5,1,1,2,1,1,32,5,0,0,7,0,0,1,4,1,1,2,32,1,15,11,6,0,7,7,1,1,3,2,61,9,7,3,27,0,3,154,201870,9,38,1,205,4,1,0,1,1,2,5,0,0,0,2,117,0,1,0,1,0,1
130,CTC,0,7,9,11,0,3,10,2,10,6,5,12,15,136,0,0,2,16,5,17,16,101,7,4,7,29,3,4,77,201949,6,35,1,0,2,5,9,0,1,3,8,0,12,7,12,15,8,2,1,0,3,8,8,7,4,4,13,16,4,1,5,47,1,1
131,ATA,4,5,2,24,53,3,12,9,10,1,11,16,202111,35,26,12,0,13,1,3,0,3,1,5,1,8,8,13,3,14,10,22,0,15,4,8,1,3,1,5,0,6,35,4,47,3,3,1,4,20,8,20,0,8,11,13,5,24,12,7,3,14,0,1
132,TAC,44,17,32,36,52,65,47,39,47,77,55,58,41,67,40,29,4,28,17,14,12,62,67,37,23,18,16,15,44,7,8,79,38,56,81,33,26,29,18,39,39,57,63,38,17,16,11,39,56,200174,52,86,50,54,46,28,40,59,38,56,38,33,42,57
133,AAC,116,199979,42,54,83,74,50,17,26,36,30,16,25,64,16,13,16,61,33,35,63,242,55,48,19,54,35,40,42,85,22,53,69,65,63,26,23,81,13,13,20,40,25,13,49,27,6,14,35,72,44,8,80,60,48,20,32,26,32,13,38,47,38,19
134,AGG,68,75,136,19,39,142,41,33,55,37,198959,142,57,38,306,49,86,32,63,17,79,111,86,55,57,53,60,35,53,37,65,53,58,17,30,9,33,30,60,11,13,44,275,43,30,43,60,18,34,48,33,3,31,53,31,61,56,44,54,28,112,41,44,107
135,ATG,58,27,30,43,41,39,35,21,33,41,15,14,96,13,200338,182,40,49,13,48,31,76,63,41,18,27,39,22,25,25,54,49,26,50,34,15,30,20,36,21,28,8,76,29,42,48,83,20,38,28,48,15,25,31,43,33,15,27,22,39,34,41,12,26
136,GGG,6,21,6,8,4,18,15,10,5,17,104,0,2,12,4,10,13,16,8,17,1,14,19,0,54,23,14,16,40,35,3,22,4,18,56,1,11,30,24,10,55,18,201122,160,24,3,273,20,7,29,29,11,9,9,28,17,36,0,79,16,6,17,25,12
137,GCT,35,17,6,13,49,36,25,195,21,49,5,69,8,19,18,25,44,45,15,10,69,169,46,56,31,80,22,59,61,63,35,56,19,36,16,226,46,275,99,199621,29,48,60,56,20,30,33,89,15,53,13,4,6,89,16,135,12,56,12,35,21,22,25,15
138,GTG,27,33,15,3,51,52,33,24,11,12,21,14,57,16,131,8,12,37,32,5,55,145,21,53,19,77,33,25,10,59,41,35,22,28,30,23,29,39,35,27,23,77,133,36,48,16,200362,137,32,33,4,16,10,76,34,34,24,14,24,26,15,36,64,9
139,ACC,30,67,15,43,129,200459,53,80,28,36,22,19,20,65,29,19,47,44,16,28,44,173,49,34,20,57,8,8,12,15,18,31,19,24,24,34,17,111,55,16,17,10,25,14,25,46,24,23,20,27,24,23,24,49,29,28,16,38,21,19,54,21,29,58
140,ACT,58,45,34,73,94,191,83,199101,42,30,47,39,40,55,44,42,91,46,34,66,44,110,81,78,27,97,53,53,46,65,40,66,76,59,45,47,32,45,52,25,68,59,90,40,28,47,42,43,68,63,37,63,71,44,69,49,50,45,54,65,33,94,41,25
141,GAA,59,100,69,44,114,101,40,75,52,53,25,35,83,40,40,66,119,126,53,75,92,156,66,58,65,61,64,39,59,132,63,60,198346,130,57,65,52,59,65,52,79,58,65,56,71,101,76,27,145,79,46,32,51,68,41,62,45,102,55,69,68,84,76,49
142,GTG,27,33,30,38,72,38,35,42,12,73,39,12,42,18,46,48,53,58,23,27,56,124,65,42,31,67,39,42,27,46,24,65,32,25,54,40,25,56,59,43,26,49,43,18,28,31,199942,142,10,52,54,24,17,50,25,53,39,25,33,20,21,34,57,51
143,GCA,7,19,19,11,76,42,18,38,7,17,12,14,19,33,24,6,7,46,14,19,87,92,43,34,4,40,19,17,26,12,36,22,176,50,41,53,200446,24,37,16,44,20,47,22,122,8,48,33,35,29,17,6,102,29,9,10,37,26,15,10,12,19,27,10
144,TTT,20,30,3,41,11,18,25,23,28,15,19,6,22,29,26,19,8,43,9,15,26,36,26,12,29,24,33,15,16,24,17,18,21,27,28,19,13,71,42,12,16,51,51,14,27,13,31,13,28,29,16,26,10,31,43,32,6,28,26,22,32,25,47,201051
145,GGC,21,36,32,10,9,38,16,13,19,39,9,12,3,6,13,6,17,45,18,12,27,100,49,17,10,52,7,14,22,32,13,26,12,38,15,10,2,47,28,14,218,200677,9,142,21,173,30,17,15,12,0,21,6,40,33,8,10,110,15,24,3,13,9,3
146,CTG,5,21,29,33,8,11,22,7,7,30,19,41,10,19,160,24,20,26,49,31,24,134,152,48,17,43,55,47,81,60,200170,141,25,43,24,55,11,27,74,25,21,36,74,51,10,51,27,36,5,5,48,19,7,39,53,17,22,23,49,19,20,20,37,13
147,GTA,15,23,16,19,32,94,33,24,41,1,17,10,61,21,28,38,28,15,13,28,35,176,38,60,27,34,28,21,16,30,20,8,17,25,20,43,28,39,13,13,31,26,42,8,200726,36,40,18,31,40,12,11,23,66,14,34,4,8,14,34,41,14,11,14
148,TGT,36,11,32,27,28,20,10,16,17,5,16,14,16,8,9,30,12,32,7,11,42,51,31,29,22,60,42,17,26,26,21,14,21,23,11,15,17,22,22,7,26,14,52,17,12,13,35,14,33,28,22,37,32,20,13,21,10,65,11,200899,4,35,23,56
149,GCA,17,23,14,11,278,11,28,28,4,11,17,22,34,17,15,9,17,32,28,6,30,65,14,14,21,40,19,7,19,46,33,5,131,10,10,10,200756,21,33,8,21,18,31,14,151,19,15,10,13,1,8,18,55,44,5,10,39,20,8,7,6,12,33,6
150,ACC,29,83,27,16,191,200166,15,35,29,40,2,33,39,71,5,16,52,61,49,24,31,155,25,46,19,14,28,44,44,9,33,21,23,30,29,22,14,36,17,30,30,22,37,16,16,33,18,48,47,22,17,22,24,44,22,14,23,47,29,44,42,7,26,61
151,TGT,38,9,4,23,20,36,27,50,14,12,23,35,18,41,36,20,19,18,4,41,34,52,16,19,29,19,25,177,17,36,32,20,11,24,20,14,29,50,9,34,14,18,80,36,72,30,43,39,17,10,11,138,13,27,23,27,19,29,22,200399,43,27,12,54
152,GAA,43,12,8,12,18,30,25,20,14,7,31,8,27,16,7,47,39,35,6,20,23,100,24,16,28,7,7,13,44,30,32,19,200940,27,32,31,7,13,9,24,41,16,50,19,29,27,9,10,136,19,29,10,37,11,10,43,43,15,8,14,34,17,25,42
153,CAG,7,17,83,28,42,22,24,28,25,15,45,3,8,23,19,15,93,48,200703,82,70,58,37,42,30,74,51,20,15,15,13,47,23,7,19,34,14,33,5,21,32,22,28,18,7,26,14,35,26,25,106,11,15,42,24,12,25,21,13,33,21,24,16,28
154,ATT,20,12,22,16,44,36,37,21,9,22,41,19,2,31,40,201026,40,58,37,17,44,59,47,42,42,13,25,4,11,17,25,21,10,25,12,0,9,33,33,6,24,9,70,5,4,6,11,6,20,22,19,9,16,43,39,16,43,58,15,28,31,30,24,8
155,GCT,17,22,27,8,29,62,23,136,36,24,54,26,3,22,27,27,22,48,16,33,43,107,49,55,10,37,25,20,82,34,7,8,9,11,6,119,35,93,25,200276,13,24,33,16,15,8,30,119,16,43,20,35,40,53,9,90,28,32,44,37,24,68,16,19
156,GAC,23,50,20,21,39,53,22,25,12,6,9,8,22,29,14,12,19,19,44,16,37,102,31,15,12,47,17,1,22,22,30,9,96,200687,20,63,21,47,12,0,12,24,27,9,4,39,36,15,11,158,35,7,23,90,17,16,51,11,24,8,28,55,9,10
157,TCC,25,36,7,14,9,35,8,2,10,12,9,20,17,6,11,25,13,41,8,14,34,133,27,25,8,20,10,13,12,40,13,18,8,3,3,18,14,25,12,3,24,34,15,17,11,29,14,23,20,250,3,5,199,200663,11,60,29,59,14,6,25,49,19,15
158,CAG,7,29,459,31,39,42,79,26,21,31,70,38,29,8,9,21,118,39,199563,133,93,151,92,61,46,45,90,33,23,53,65,62,11,33,11,22,30,57,8,5,44,21,64,33,30,25,15,19,20,15,59,13,24,45,58,17,25,35,99,15,16,30,35,13
159,CAT,10,24,34,108,44,19,17,51,20,8,17,18,10,11,57,23,7,54,31,200632,69,48,57,46,18,32,31,39,19,44,51,9,22,38,3,37,26,34,43,30,17,35,85,43,39,10,36,11,18,13,20,40,17,42,18,31,13,20,19,28,13,8,40,16
160,CGG,10,11,8,27,37,15,1,13,13,14,118,12,17,4,33,14,30,29,124,22,23,93,8,56,46,51,200660,34,7,35,108,5,16,9,18,8,30,18,3,10,17,20,105,8,19,33,9,43,42,38,12,11,8,16,0,16,30,26,142,41,9,11,0,12
161,TCT,18,32,15,23,28,31,18,11,16,5,11,3,15,15,31,50,20,8,35,53,35,89,41,57,34,27,21,31,22,68,23,19,38,7,13,31,16,53,62,36,28,30,40,19,28,17,19,45,30,19,44,205,37,115,64,200494,11,21,23,15,14,22,19,37
162,CAT,47,44,38,143,26,19,19,49,20,19,35,21,65,35,25,31,26,93,33,199959,37,105,25,61,50,24,40,42,30,61,19,69,30,30,30,23,9,27,9,29,30,29,21,41,38,36,27,38,70,35,46,43,53,98,65,43,33,34,59,43,31,43,40,88
163,AGG,23,26,51,33,24,22,30,40,89,26,200310,86,39,36,120,35,16,24,24,19,28,40,65,49,27,41,85,32,11,9,23,29,20,22,30,28,28,30,26,6,24,26,242,31,20,6,58,13,26,17,26,26,38,13,34,18,47,31,62,39,25,10,37,56
164,CAA,161,41,14,9,13,41,28,38,13,13,28,10,24,18,32,8,200592,52,27,56,63,64,36,32,51,60,42,40,39,37,27,39,17,33,7,3,16,58,19,7,31,26,61,35,42,13,25,17,87,33,31,13,36,28,47,19,27,40,13,23,9,35,0,10
165,ATG,37,23,39,18,16,30,23,34,22,12,74,22,55,29,200548,123,25,20,8,18,14,99,42,25,45,19,12,24,30,47,28,28,13,16,27,12,12,28,28,8,18,55,28,33,33,17,90,16,47,17,59,20,17,56,57,65,32,8,36,29,15,23,29,14
166,GTG,20,19,16,20,36,30,22,21,20,14,15,5,22,7,46,21,20,28,50,31,22,110,35,15,26,29,80,28,32,25,45,47,15,32,26,15,69,46,77,15,16,35,60,29,82,46,200454,112,11,43,38,15,17,30,21,23,32,38,36,27,9,58,70,11
167,ACA,51,19,2,11,201498,20,56,16,8,32,23,0,42,13,10,7,18,16,29,8,33,50,24,13,25,43,19,15,10,19,31,8,5,20,13,5,39,29,16,5,12,9,35,21,7,6,27,12,4,8,2,16,22,15,26,4,18,27,29,10,25,10,8,15
168,ACA,32,15,10,23,201361,46,38,14,9,9,14,6,42,11,22,14,9,16,2,10,55,26,39,47,45,27,33,20,15,15,12,26,24,31,2,4,25,12,23,41,14,16,63,20,29,18,14,9,8,11,3,21,37,9,13,19,10,6,28,6,16,9,69,28
169,ACC,12,63,7,15,141,200722,40,44,13,39,12,29,32,35,13,30,23,26,31,33,30,72,34,14,11,37,39,12,33,24,21,31,9,18,21,30,17,50,28,12,48,27,106,12,29,5,28,18,44,9,24,28,26,47,20,27,10,40,34,23,29,33,35,28
170,AAT,27,36,25,278795,14,54,27,19,4,27,5,3,12,17,18,5,35,52,13,47,46,157,43,38,17,24,17,31,17,65,44,17,14,27,13,16,5,63,18,11,7,21,19,78,40,7,14,20,8,29,12,10,3,23,20,38,17,18,18,37,7,18,4,7
171,CCA,24,33,15,23,188,35,6,41,17,14,47,0,16,51,27,15,470,40,22,27,277852,223,66,52,10,26,32,29,94,50,12,33,8,2,20,11,40,30,24,8,27,26,38,8,17,6,12,1,33,47,5,36,33,60,18,15,10,13,40,1,11,7,12,44
172,CTA,21,18,2,11,6,25,35,11,19,12,18,31,69,40,4,5,38,46,16,16,100,173,26,24,27,35,47,34,278725,61,22,31,18,20,9,30,41,38,70,34,11,12,20,55,14,6,47,3,15,32,7,1,12,52,15,3,22,10,34,8,20,2,10,7
173,ATC,16,20,14,17,19,33,23,12,34,23,22,19,143,278832,35,60,29,26,31,5,22,137,33,50,8,15,14,10,11,52,23,22,1,7,17,14,6,35,14,4,32,29,25,10,0,15,29,10,2,3,5,15,37,18,22,22,32,57,18,4,31,23,11,6
174,AGA,22,11,62,45,25,33,42,31,278143,61,65,33,243,16,14,50,33,27,31,12,40,39,54,21,48,43,20,36,43,29,17,23,39,23,22,15,18,25,12,20,101,21,59,16,47,11,35,27,57,58,29,16,17,17,22,17,26,14,38,28,33,38,33,39
175,CAT,17,15,8,77,52,50,16,7,13,9,8,15,7,3,6,1,37,66,2,278830,54,250,58,67,3,33,13,18,30,30,8,23,2,1,6,10,23,46,5,16,3,5,14,13,30,41,8,26,15,16,0,16,9,31,19,5,2,1,32,17,3,27,1,10
176,GAG,12,11,29,21,5,38,27,8,10,18,30,24,6,21,12,27,7,25,18,15,15,25,8,18,9,41,16,6,23,8,11,29,67,51,278241,301,13,25,6,7,14,16,89,10,58,24,90,27,14,36,412,23,22,13,14,21,1,22,14,31,12,17,22,50
177,AAC,45,278611,21,65,24,68,0,25,7,35,22,12,20,20,0,35,11,59,23,39,45,236,28,48,13,27,1,23,2,86,6,17,8,24,12,6,10,54,41,3,24,48,31,23,9,17,10,7,21,30,9,4,22,71,33,6,21,42,2,12,11,39,14,5
178,AGA,37,40,25,11,65,33,13,61,278063,33,24,17,255,20,9,39,21,37,36,20,58,41,15,8,36,23,58,30,31,37,17,45,18,30,35,26,12,21,17,42,79,25,64,45,22,24,2,9,36,44,26,38,57,32,12,12,36,24,32,7,42,23,17,51
179,ATG,17,24,14,8,56,34,78,57,34,27,72,15,81,63,277862,248,15,39,25,52,38,59,68,18,11,15,14,19,17,51,42,32,65,7,19,23,14,30,26,36,63,8,100,8,15,11,83,13,38,41,45,23,44,11,55,5,57,61,26,19,48,5,54,16
180,GTT,37,46,28,22,34,26,23,27,18,53,31,55,24,44,18,100,12,9,24,80,35,7,11,23,27,13,32,76,34,20,20,30,33,27,42,14,37,9,15,19,25,29,111,29,32,20,13,278351,22,10,51,33,17,37,12,22,42,22,36,31,41,10,32,67
181,TTA,27,32,18,34,36,37,16,25,7,18,20,9,45,18,29,32,19,42,16,24,56,222,33,18,15,38,8,4,35,11,29,15,9,20,44,12,18,42,23,12,12,11,33,30,37,24,27,15,42,16,37,4,7,60,10,8,19,56,28,17,278511,6,65,19
182,GCC,19,42,21,12,61,86,0,30,22,67,38,11,13,24,5,28,10,34,18,13,76,218,38,71,18,65,23,41,16,35,8,5,9,169,17,15,253,277315,34,40,34,60,122,6,3,187,28,3,2,20,2,17,14,486,14,26,30,21,10,24,11,21,37,21
183,AGC,26,72,32,33,16,61,12,24,107,278485,38,171,9,236,21,24,10,23,6,20,31,105,13,20,15,18,27,9,9,18,7,16,25,54,14,10,32,14,17,22,4,61,61,22,8,32,16,15,13,2,30,12,4,43,34,7,11,27,27,4,1,5,3,6
184,ACT,23,36,8,48,24,110,26,278765,16,39,25,21,13,7,15,25,31,71,9,65,49,31,74,37,3,17,10,36,43,29,7,6,25,18,11,4,17,13,8,16,24,9,50,37,27,30,11,16,20,3,4,22,16,16,26,28,43,23,49,20,40,7,3,24
185,ACA,53,24,8,47,278673,30,30,32,28,31,21,5,128,40,0,33,43,41,9,40,53,129,1,45,24,38,2,7,14,8,0,4,45,27,2,50,94,35,2,3,23,14,25,24,9,23,22,8,26,47,5,15,17,32,5,17,19,13,20,12,17,25,4,28
186,GCT,13,15,10,22,43,29,4,68,39,15,39,21,24,16,24,34,8,16,9,28,41,93,39,47,6,5,43,21,29,12,18,19,26,47,16,161,37,108,19,278393,56,2,91,50,13,31,15,7,13,14,0,32,26,12,42,178,34,8,16,25,20,17,15,22
187,AAG,42,34,278218,249,54,52,23,8,28,21,75,14,27,25,24,15,34,83,4,23,24,49,5,24,42,16,12,13,26,7,5,7,47,84,48,35,17,34,32,12,24,20,62,43,21,40,22,11,60,41,22,25,52,18,29,17,46,51,56,19,32,18,26,38
188,GCT,22,23,31,17,26,76,25,67,26,31,37,18,11,19,11,12,64,68,11,36,47,95,35,51,29,21,22,28,62,40,6,28,35,17,65,323,42,116,41,277708,48,14,40,47,73,22,26,20,12,21,12,20,38,58,21,216,47,5,19,31,35,25,25,23
189,ATG,20,39,62,22,7,26,42,47,38,35,10,60,39,17,278161,319,36,67,56,22,2,109,29,17,72,23,57,29,13,11,9,16,2,10,18,27,3,8,35,19,22,47,71,23,1,11,39,16,48,44,33,37,6,28,20,35,18,46,43,24,7,24,53,15
190,GAG,27,51,26,32,42,75,37,107,41,35,33,54,27,34,12,58,19,30,53,15,37,87,46,37,40,56,39,43,23,40,35,16,119,27,277478,162,17,28,50,42,54,22,161,10,47,25,31,20,16,26,302,21,55,35,58,29,15,4,55,31,17,10,18,36
191,CAA,220,47,62,38,44,16,26,44,27,19,36,38,35,50,27,30,277648,49,42,62,27,42,20,26,49,37,59,34,58,20,25,40,81,53,47,53,34,9,38,10,39,60,39,67,27,18,30,22,92,20,27,14,27,9,11,48,72,26,63,7,97,83,39,24
192,ATG,62,30,111,55,54,52,41,31,37,44,109,66,100,45,276887,372,54,22,78,27,34,83,79,19,18,46,60,36,30,61,49,42,23,59,58,14,23,15,28,22,86,66,71,45,69,22,108,67,22,43,47,62,40,51,43,36,5,60,45,29,50,29,39,44
193,GCT,47,38,31,24,64,60,50,106,27,85,30,52,26,43,26,37,35,91,30,49,70,301,107,103,13,123,34,35,60,83,76,12,28,59,47,488,58,203,65,275889,35,59,81,15,39,65,14,105,54,89,21,24,45,77,73,221,8,121,60,38,33,53,28,22
194,GGA,16,61,66,63,20,87,51,58,148,13,33,25,9,23,19,79,33,77,26,20,9,163,53,91,53,50,44,24,86,44,27,59,21,57,46,5,59,72,20,17,276881,25,72,28,260,50,34,18,35,32,31,26,44,68,62,65,455,18,6,16,27,29,84,26
195,TCG,35,62,52,22,50,87,112,32,52,26,38,40,6,32,42,9,54,38,88,54,96,164,135,21,18,84,87,21,64,65,36,15,20,27,55,3,34,52,33,59,16,56,84,59,38,42,44,32,28,79,199,27,95,48,276337,580,12,17,50,18,18,46,224,44
196,AGT,74,55,64,113,60,143,61,104,82,35,65,275855,60,85,58,65,49,65,56,72,67,267,64,45,59,83,79,105,29,56,42,52,40,59,27,62,35,52,40,22,43,65,58,148,101,90,35,74,53,25,45,53,92,97,40,34,62,75,65,141,158,60,52,98
197,GAG,116,103,147,68,97,100,57,45,59,51,40,113,58,35,60,64,45,88,69,31,78,246,103,87,62,92,151,50,78,86,29,110,229,94,274875,230,82,58,82,35,66,118,130,78,62,50,102,66,35,73,380,40,81,70,41,65,60,43,86,53,80,41,69,85
198,CAA,180,154,73,79,34,127,42,58,47,42,69,28,82,55,93,142,274624,117,104,61,97,343,100,159,84,116,112,69,45,68,94,52,46,62,71,68,79,122,61,39,60,81,85,154,91,31,64,78,471,50,70,111,59,106,96,39,58,32,126,81,105,72,45,50
199,GCA,57,16,50,64,170,67,62,24,28,52,46,65,48,63,51,82,70,95,61,46,108,146,122,34,33,102,61,76,77,22,48,26,131,34,48,46,276012,108,64,81,53,61,71,73,235,25,47,56,23,105,30,34,244,103,41,116,61,56,42,23,67,92,14,41
200,GCA,41,61,77,67,137,17,38,59,46,33,95,53,31,44,57,39,41,62,51,20,14,55,60,32,46,48,51,41,28,1,43,39,184,114,55,96,275757,187,177,61,86,51,51,66,280,44,57,105,78,52,61,88,269,105,73,74,48,65,64,77,78,42,72,81
201,GAG,18,18,38,33,46,22,18,6,24,14,35,12,34,17,19,42,23,47,13,38,30,4,14,26,40,46,20,20,7,1,44,20,104,48,278087,285,46,46,30,23,25,25,77,29,78,8,47,13,23,22,122,30,36,51,37,23,24,6,10,24,14,24,32,60
202,GCC,70,13,18,31,16,60,40,12,22,30,12,9,18,28,46,3,39,24,17,70,40,182,51,60,40,41,17,38,17,25,21,24,36,299,52,13,277,276875,69,69,68,83,131,16,18,151,20,42,15,17,34,17,67,463,22,8,32,81,12,19,15,39,29,32
203,ATG,77,55,59,59,61,49,152,68,69,88,112,95,112,108,275196,335,44,99,109,42,137,151,97,15,80,38,68,50,38,59,50,72,83,70,49,104,48,52,69,42,94,52,71,144,64,55,102,92,70,71,91,120,45,62,39,21,9,51,51,62,33,78,122,66
204,GAG,42,69,61,71,72,50,61,0,41,60,61,38,15,59,104,26,48,88,89,22,24,64,43,9,90,85,44,42,69,16,53,35,214,69,275715,288,34,55,119,37,38,80,219,85,110,63,111,54,52,43,287,92,50,21,78,7,98,108,69,58,22,42,54,83
205,GTT,29,29,31,20,41,68,18,44,51,33,77,27,29,61,33,187,69,63,49,66,103,196,84,62,31,139,58,43,67,64,31,54,27,44,31,68,52,38,87,70,54,38,127,55,41,70,67,276088,142,81,25,69,51,59,49,21,66,20,125,49,66,79,92,155
206,GCT,27,32,54,68,54,90,56,231,59,65,63,58,45,21,54,21,30,116,21,38,74,305,28,106,64,107,55,80,24,58,31,61,43,54,40,153,50,139,100,275998,79,32,62,55,56,65,59,180,46,18,33,41,40,60,20,199,45,53,38,61,45,58,33,89
207,AGT,71,50,30,121,79,98,45,60,41,131,49,276157,56,77,33,123,43,89,37,43,54,114,71,58,67,58,86,77,94,33,101,95,30,80,46,58,50,93,72,75,42,34,78,66,45,33,84,55,26,44,71,39,39,126,79,61,102,103,63,88,100,44,58,98
208,CAG,21,22,278,45,43,48,48,49,20,53,46,18,41,31,90,47,57,57,277176,299,57,62,54,122,29,22,121,28,25,43,32,42,17,47,27,32,17,117,69,36,20,25,70,126,26,12,19,29,22,33,49,13,49,44,59,33,13,24,48,74,9,22,31,31
209,GCT,82,39,14,40,33,40,72,118,27,31,54,57,74,46,13,98,36,56,9,38,96,147,28,38,24,81,39,23,63,72,22,57,21,40,17,414,40,224,81,276443,69,88,132,52,55,110,38,79,37,35,43,13,71,46,49,193,35,59,22,39,70,49,37,27
210,AGA,93,23,27,48,63,51,80,19,276340,91,80,68,316,77,60,55,57,37,32,52,58,124,51,49,96,83,43,65,77,61,76,66,19,114,110,60,22,62,75,30,91,66,133,68,44,96,38,48,58,41,42,77,37,55,59,55,40,12,29,26,85,76,49,68
211,CAA,64,25,24,74,37,45,46,40,7,15,44,19,17,22,33,8,278280,37,66,45,43,122,19,25,46,46,30,33,47,14,7,53,48,32,26,15,30,32,22,31,48,45,22,45,28,14,17,36,60,28,20,48,22,20,7,9,26,53,33,46,56,38,27,29
212,ATG,15,18,9,40,44,25,62,22,55,32,111,56,50,17,277924,264,50,85,43,14,26,52,40,16,6,27,37,32,28,28,53,18,8,33,17,4,28,10,36,35,10,26,55,41,21,20,113,47,9,35,30,49,32,32,49,26,21,37,62,62,18,32,39,57
213,GTG,27,16,22,25,69,40,50,28,26,40,46,23,99,38,81,32,37,63,8,44,43,105,17,24,25,70,59,4,25,17,46,24,33,9,34,2,26,30,60,40,26,42,32,34,207,39,277651,98,38,55,46,38,48,52,89,8,51,30,77,35,25,9,110,48
214,CAA,179,45,45,19,10,50,19,18,13,2,19,15,15,5,13,25,278346,43,58,35,62,200,24,37,161,22,25,35,52,32,12,13,19,16,23,10,8,38,9,18,43,15,11,10,19,4,7,22,193,21,21,19,28,67,13,19,6,11,9,23,26,2,17,18
215,GCG,21,28,6,8,41,36,35,24,1,9,14,4,9,4,3,4,16,6,52,10,7,56,44,62,12,35,1,29,53,44,41,14,12,56,174,8,79,55,278383,186,6,15,23,12,49,21,171,5,10,8,13,7,34,27,183,4,7,28,20,2,10,31,9,15
216,ATG,14,12,31,15,44,28,22,8,19,25,40,31,44,28,278003,396,13,52,49,23,19,39,24,18,11,45,33,17,26,49,22,31,29,21,57,24,25,44,55,62,36,50,73,20,47,54,33,18,13,33,38,61,33,34,25,29,47,43,44,35,38,20,16,37
217,AGA,89,6,0,1,31,4,20,35,279183,2,9,3,217,6,16,1,7,1,35,4,8,11,28,43,11,0,27,1,11,6,4,6,29,22,10,18,15,20,51,8,129,3,16,2,3,9,8,34,34,6,10,25,21,7,26,6,23,5,22,0,21,4,11,13
218,ACC,11,77,23,16,263,278818,92,57,43,10,24,36,16,42,14,42,8,28,7,9,48,136,9,22,3,7,9,24,12,21,24,16,8,13,5,15,6,7,26,14,3,18,8,7,0,1,11,31,32,14,12,35,23,20,25,2,8,14,5,25,10,30,13,7
219,ATT,70,25,2,21,4,25,5,54,6,21,3,32,11,18,27,279422,3,14,15,11,7,39,30,35,13,25,32,2,9,13,28,15,9,9,16,9,3,16,16,14,5,10,29,23,11,12,19,7,31,11,1,2,4,9,15,5,8,1,11,18,11,12,8,66
220,GGG,20,16,52,37,22,42,32,8,25,27,49,25,40,10,40,47,19,5,5,11,31,12,3,13,12,28,39,4,18,4,9,13,15,15,24,3,10,12,32,21,39,13,278076,248,23,15,327,22,37,32,43,24,28,28,34,35,23,7,375,4,31,26,45,26
221,ACT,23,29,13,84,54,148,37,278423,30,32,31,43,65,31,53,57,28,72,39,6,51,66,66,6,14,26,57,46,18,47,6,24,5,28,33,30,9,20,14,23,36,9,43,13,32,40,16,19,6,69,14,13,18,4,17,27,6,17,28,16,13,28,15,34
222,CAT,13,63,15,388,43,11,13,22,48,15,18,24,31,34,44,20,27,42,35,278183,62,67,33,54,26,59,52,34,33,48,41,45,32,30,21,10,19,28,31,8,3,7,23,12,25,41,33,18,44,27,13,35,20,21,39,22,14,11,49,26,47,19,23,28
223,CCT,83,31,31,59,28,37,24,214,41,10,47,32,22,37,27,37,78,32,49,539,53,87,49,277163,27,31,34,34,25,42,34,94,22,19,29,72,23,23,26,26,51,24,33,44,24,19,57,36,75,21,53,63,23,37,3,68,28,34,45,18,45,38,44,90
224,AGC,14,45,58,34,39,57,26,82,248,277461,28,60,43,226,51,30,11,68,4,40,68,101,31,41,23,37,27,41,75,78,15,15,9,24,12,38,25,30,35,35,24,60,92,51,41,58,62,68,28,10,81,28,11,98,48,39,25,37,49,17,31,23,16,51
225,TCC,29,16,18,6,37,51,43,25,21,7,12,14,36,17,12,31,22,23,14,27,46,42,18,18,12,40,43,32,27,45,20,18,34,27,52,45,45,24,50,42,23,52,34,28,33,38,16,28,22,373,61,36,319,277823,39,106,44,26,29,26,23,45,11,29
226,AGT,18,13,9,32,31,26,10,33,16,42,27,278491,16,55,34,83,11,50,11,20,68,42,54,27,12,12,6,39,13,55,22,37,18,51,17,26,38,13,10,27,29,20,7,86,28,39,13,45,26,14,14,49,21,16,31,22,51,21,48,57,44,50,14,79
227,GCT,23,16,15,14,24,13,30,162,12,10,15,10,18,36,17,22,26,41,28,36,44,54,18,80,0,24,21,20,3,39,27,20,38,32,30,218,38,53,35,278025,26,19,47,13,45,23,39,56,11,9,30,8,57,33,79,142,3,36,34,14,17,26,3,8
228,GGT,16,13,18,35,22,6,22,11,20,3,8,91,6,3,13,17,6,7,8,36,17,3,11,8,2,27,29,13,17,33,8,18,26,38,14,35,44,18,19,36,50,39,56,278224,15,12,50,111,3,0,16,18,24,6,9,27,23,43,62,258,5,10,9,9
229,CTG,40,39,43,16,33,39,35,35,34,17,27,38,27,22,316,26,18,102,38,39,30,89,320,22,17,58,56,19,85,47,277168,238,21,21,52,36,33,31,15,10,37,48,101,45,3,9,32,4,42,20,26,8,35,31,48,34,6,21,13,28,14,27,20,15
230,AAA,277161,72,34,60,92,38,36,44,44,127,66,45,55,49,40,27,45,48,55,39,56,128,46,51,30,90,73,37,49,63,38,28,54,32,37,46,26,88,57,37,39,63,72,37,89,37,92,28,23,58,23,23,60,28,30,35,25,77,78,24,47,29,33,30
231,AAT,34,34,38,278097,37,8,37,39,35,17,31,17,53,12,10,60,51,66,55,22,36,28,23,28,28,35,84,10,27,42,26,24,41,23,80,14,37,23,45,23,37,45,125,26,28,19,37,21,36,24,62,75,13,19,25,20,40,35,18,8,34,4,7,1
232,GAT,27,37,44,57,22,30,15,58,24,24,13,27,27,37,20,24,35,28,12,19,43,16,20,18,13,49,19,15,24,43,18,19,22,38,62,278145,14,20,14,30,42,35,50,24,21,38,31,29,30,17,19,118,24,13,13,27,20,20,28,42,7,4,16,6
233,CTT,69,70,96,35,57,31,52,89,49,15,42,73,80,35,25,129,60,29,48,52,18,88,42,44,69,15,98,68,30,60,45,276950,30,46,71,35,90,50,45,42,135,51,42,29,27,16,41,50,37,13,23,48,30,33,21,18,24,27,54,37,22,20,15,18
234,CTT,90,57,40,90,32,93,67,45,63,34,93,36,51,32,34,151,47,85,48,40,41,198,89,156,49,51,176,47,44,187,44,276290,56,33,80,24,67,41,91,27,18,55,117,52,66,30,50,43,41,21,33,21,13,35,16,22,40,82,19,29,41,23,14,96
235,GAA,82,30,26,19,21,38,29,15,32,24,21,16,19,8,5,0,33,26,47,25,28,24,62,38,20,41,47,0,18,22,10,13,278177,75,26,39,33,66,38,32,76,36,46,30,101,68,20,2,166,33,22,45,19,24,13,33,14,23,10,72,16,7,20,8
236,AAT,39,89,63,277929,29,20,21,22,41,18,17,33,80,18,15,22,37,57,52,64,56,45,14,25,30,37,35,5,9,35,30,16,43,53,27,26,46,3,43,58,58,0,75,31,36,12,74,16,27,53,25,51,24,40,57,25,26,17,37,26,47,23,9,39
237,TTG,88,41,108,48,31,31,75,11,11,53,51,8,13,11,55,23,12,33,63,13,40,40,43,15,58,40,33,8,52,8,48,25,18,18,57,12,53,27,32,37,60,24,56,23,34,19,35,1,37,59,14,29,36,60,33,8,27,57,42,14,148,44,277660,134
238,CAG,24,9,223,13,62,48,49,33,26,30,94,45,25,28,22,0,67,56,276891,247,23,112,157,32,45,46,195,17,13,37,28,42,26,16,49,27,57,17,68,17,46,37,94,50,13,36,31,0,23,10,393,22,31,55,17,11,24,32,38,22,9,4,24,4
239,GCC,26,20,27,28,7,179,33,39,53,48,30,24,44,11,28,38,26,83,38,21,80,229,67,54,41,46,50,12,47,50,57,24,62,402,75,42,348,276226,76,71,51,110,43,54,44,99,51,20,33,59,51,24,51,312,44,5,23,35,26,15,14,24,35,42
240,TAT,60,119,33,99,106,144,41,86,28,30,44,32,66,61,18,13,101,145,53,236,94,169,79,126,89,64,71,31,52,73,32,57,30,77,54,43,81,131,73,28,22,78,79,32,35,56,35,27,45,151,56,275818,88,92,43,61,52,31,100,43,35,70,46,20
241,CAG,44,22,222,54,46,57,21,29,36,45,3,10,19,26,42,8,35,100,277892,178,62,157,61,51,17,21,101,15,51,65,22,16,21,40,6,11,14,31,23,20,8,20,17,13,9,24,9,29,33,4,49,30,7,37,0,8,30,21,2,24,2,52,15,8
242,AAA,278286,26,28,27,42,37,23,46,16,31,36,35,18,30,31,11,16,19,1,11,83,231,28,44,29,45,56,24,12,27,10,15,50,19,17,13,18,87,50,12,47,52,65,30,8,42,40,2,13,38,15,29,13,17,19,37,8,16,28,14,78,14,10,12
243,CGA,66,63,33,44,42,86,8,73,101,88,31,8,21,61,8,25,136,111,14,93,89,165,42,82,276878,99,25,73,332,79,8,45,24,20,14,34,55,89,60,77,18,16,28,13,21,20,2,35,15,84,10,33,48,62,17,47,124,12,3,16,28,46,4,52
244,ATG,41,73,65,91,93,66,52,70,56,73,61,40,107,52,275837,360,59,65,50,95,51,189,85,53,39,50,46,62,70,50,54,34,32,16,42,39,37,60,44,58,55,142,38,68,39,45,85,28,103,80,37,57,48,82,46,44,35,57,47,47,69,23,80,58
245,GGG,20,9,2,12,76,36,30,59,25,16,121,54,31,43,27,23,37,47,21,20,40,96,50,50,33,68,91,19,13,41,63,5,54,11,159,36,31,30,45,39,211,18,276047,392,19,28,709,18,41,38,29,40,19,65,29,36,51,7,376,38,20,31,30,65
246,GTG,51,86,10,45,36,59,46,47,9,58,26,18,60,47,170,15,59,37,43,28,89,189,87,37,66,73,32,43,74,61,20,57,31,25,53,53,31,33,62,15,52,62,63,77,253,65,276779,161,40,32,38,48,26,55,32,20,14,34,55,36,66,2,132,12
247,CAG,46,45,245,39,43,41,12,29,27,4,20,18,29,19,2,52,155,60,277081,178,30,96,71,99,11,47,278,41,72,41,37,25,3,4,55,20,26,37,8,43,50,34,28,26,14,30,20,25,69,19,339,26,22,40,14,38,18,22,31,15,43,31,24,23
248,ATG,29,31,61,29,47,90,36,48,36,51,88,16,206,45,277341,174,25,75,36,31,72,65,35,65,23,52,28,21,63,101,20,37,20,49,15,27,40,65,27,49,18,24,77,54,47,32,39,40,11,21,8,15,58,52,69,39,50,22,80,48,24,16,40,44
249,CAA,197,44,30,70,80,77,39,67,12,19,24,36,58,54,11,74,276753,63,78,64,173,231,51,103,124,89,23,16,37,40,42,84,41,39,16,21,58,111,22,32,21,37,42,35,44,35,40,54,192,15,50,59,59,57,21,73,31,28,6,30,80,15,20,50
250,CGG,111,51,66,45,88,147,45,62,50,42,273,27,79,98,50,66,82,95,186,52,41,107,72,82,234,97,274589,142,64,74,356,35,73,93,47,53,65,63,68,47,95,105,83,49,71,95,52,71,125,56,57,78,21,30,86,57,54,63,366,112,79,63,97,39
251,TTC,32,52,36,17,96,103,47,26,43,56,84,54,40,36,107,72,3,54,23,49,110,127,102,83,24,86,95,125,35,106,38,45,56,81,98,52,48,67,43,49,71,95,55,29,105,105,68,78,59,61,34,74,35,112,80,59,92,54,113,80,366,275560,82,66
252,AAG,30,101,277444,75,26,51,30,33,40,55,117,56,48,31,79,23,37,81,49,38,49,42,50,43,19,22,33,9,53,43,37,9,27,30,162,94,17,79,65,62,35,42,81,24,30,33,64,33,19,23,61,21,26,52,56,57,42,15,60,28,6,37,57,39
253,TGA,48,48,59,60,68,139,61,60,60,57,30,26,37,30,72,66,98,117,52,65,123,235,82,132,74,118,72,70,68,94,41,39,84,139,26,32,25,161,62,40,31,76,66,20,26,57,69,42,95,114,16,36,32,133,43,91,275598,60,97,29,176,57,78,52
