site,wildtype
1,M
2,S
3,L
4,L
5,T
6,E
7,V
8,E
9,T
10,Y
11,V
12,L
13,S
14,I
15,I
16,P
17,S
18,G
19,P
20,L
21,K
22,A
23,E
24,I
25,A
26,Q
27,R
28,L
29,E
30,D
31,V
32,F
33,A
34,G
35,K
36,N
37,T
38,D
39,L
40,E
41,V
42,L
43,M
44,E
45,W
46,L
47,K
48,T
49,R
50,P
51,I
52,L
53,S
54,P
55,L
56,T
57,K
58,G
59,I
60,L
61,G
62,F
63,V
64,F
65,T
66,L
67,T
68,V
69,P
70,S
71,E
72,R
73,G
74,L
75,Q
76,R
77,R
78,R
79,F
80,V
81,Q
82,N
83,A
84,L
85,N
86,G
87,N
88,G
89,D
90,P
91,N
92,N
93,M
94,D
95,K
96,A
97,V
98,K
99,L
100,Y
101,R
102,K
103,L
104,K
105,R
106,E
107,I
108,T
109,F
110,H
111,G
112,A
113,K
114,E
115,I
116,S
117,L
118,S
119,Y
120,S
121,A
122,G
123,A
124,L
125,A
126,S
127,C
128,M
129,G
130,L
131,I
132,Y
133,N
134,R
135,M
136,G
137,A
138,V
139,T
140,T
141,E
142,V
143,A
144,F
145,G
146,L
147,V
148,C
149,A
150,T
151,C
152,E
153,Q
154,I
155,A
156,D
157,S
158,Q
159,H
160,R
161,S
162,H
163,R
164,Q
165,M
166,V
167,T
168,T
169,T
170,N
171,P
172,L
173,I
174,R
175,H
176,E
177,N
178,R
179,M
180,V
181,L
182,A
183,S
184,T
185,T
186,A
187,K
188,A
189,M
190,E
191,Q
192,M
193,A
194,G
195,S
196,S
197,E
198,Q
199,A
200,A
201,E
202,A
203,M
204,E
205,V
206,A
207,S
208,Q
209,A
210,R
211,Q
212,M
213,V
214,Q
215,A
216,M
217,R
218,T
219,I
220,G
221,T
222,H
223,P
224,S
225,S
226,S
227,A
228,G
229,L
230,K
231,N
232,D
233,L
234,L
235,E
236,N
237,L
238,Q
239,A
240,Y
241,Q
242,K
243,R
244,M
245,G
246,V
247,Q
248,M
249,Q
250,R
251,F
252,K
